"User ID","User Telephone","User Address","Food ID","Food Name",Amount,Price,Date,Status
13,900,"thika, mukiriti",123,pilau,1,800,"2024-03-31 10:11:37.728244",dispatched
12,790077009,thika,125,"coca cola",2,150,"2024-03-31 10:10:29.230325",dispatched
12,790077009,thika,126,"coca cola",0,150,"2024-03-25 11:27:12.676001",pending
12,790077009,thika,127,"coca cola",1,150,"2024-03-25 11:27:42.995517",pending
12,790077009,thika,128,"coca cola",1,150,"2024-03-25 11:28:13.694340",pending
12,790077009,thika,129,"coca cola",1,150,"2024-03-31 10:11:42.846549",delivered
12,790077009,thika,130,"coca cola",1,150,"2024-03-25 11:32:20.734926",pending
12,790077009,thika,131,"coca cola",1,150,"2024-03-25 11:40:00.762500",pending
12,790077009,thika,134,"coca cola",1,150,"2024-03-25 11:48:26.596962",pending
12,790077009,thika,135,"coca cola",1,150,"2024-03-25 11:53:37.681480",pending
12,790077009,thika,138,"coca cola",1,150,"2024-03-25 12:58:51.151034",pending
12,790077009,thika,139,"coca cola",2,150,"2024-03-25 19:12:19.170460",pending
12,790077009,thika,143,COC,1,150,"2024-03-31 12:14:56.780716",pending
